<!DOCTYPE suite SYSTEM "https://testng.org/testng-1.0.dtd" >
<suite name="Movie page Test" parallel="classes" thread-count="1">
    <test name="movieapptest" >
        <classes>
            <class name="LoginPageTest" />
            <class name="HeaderPageTest" />
            <class name="PopularPageTest" />
            <class name="SearchPageTest" />
            <class name="MovieDetailsPageTest" />
            <class name="AccountPageTest" />
        </classes>
    </test>
</suite>